1,0.0,1.0
2,-1.0,8.0
3,-6.0,28.0
4,-15.0,57.0
5,-32.0,96.0
6,-53.0,143.0
7,-75.0,191.0
8,-93.0,241.0
9,-109.0,300.0
10,-121.0,356.0
11,-132.0,421.0
12,-142.0,497.0
13,-148.0,577.0
14,-150.0,675.0
15,-149.0,776.0
16,-145.0,882.0
17,-137.0,992.0
18,-134.0,1092.0
19,-143.0,1201.0
20,-167.0,1315.0
21,-205.0,1421.0
22,-247.0,1535.0
23,-289.0,1634.0
24,-323.0,1717.0
25,-363.0,1801.0
26,-402.0,1877.0
27,-438.0,1956.0
28,-481.0,2051.0
29,-513.0,2124.0
30,-548.0,2197.0
31,-578.0,2259.0
32,-594.0,2296.0
33,-608.0,2338.0
34,-628.0,2382.0
35,-656.0,2440.0
36,-694.0,2509.0
37,-732.0,2579.0
38,-759.0,2638.0
39,-781.0,2684.0
40,-796.0,2724.0
41,-813.0,2762.0
42,-834.0,2802.0
43,-852.0,2839.0
44,-869.0,2869.0
45,-882.0,2889.0
46,-887.0,2898.0
47,-889.0,2902.0
48,-890.0,2904.0
49,-890.0,2903.0
50,-890.0,2900.0
51,-890.0,2892.0
52,-889.0,2877.0
53,-885.0,2856.0
54,-872.0,2825.0
55,-855.0,2789.0
56,-839.0,2760.0
57,-821.0,2733.0
58,-811.0,2715.0
59,-802.0,2699.0
60,-790.0,2674.0
61,-774.0,2641.0
62,-753.0,2594.0
63,-722.0,2540.0
64,-703.0,2485.0
65,-687.0,2442.0
66,-679.0,2415.0
67,-677.0,2396.0
68,-668.0,2383.0
69,-658.0,2368.0
70,-649.0,2353.0
71,-639.0,2341.0
72,-617.0,2318.0
73,-590.0,2284.0
74,-558.0,2244.0
75,-527.0,2202.0
76,-506.0,2168.0
77,-492.0,2125.0
78,-478.0,2083.0
79,-468.0,2040.0
80,-461.0,2001.0
81,-451.0,1973.0
82,-445.0,1930.0
83,-427.0,1871.0
84,-399.0,1795.0
85,-370.0,1722.0
86,-339.0,1671.0
87,-322.0,1642.0
88,-306.0,1622.0
89,-296.0,1609.0
90,-282.0,1593.0
91,-262.0,1565.0
92,-245.0,1542.0
93,-226.0,1514.0
94,-202.0,1481.0
95,-186.0,1462.0
96,-170.0,1447.0
97,-151.0,1425.0
98,-137.0,1407.0
99,-116.0,1380.0
100,-89.0,1341.0
101,-68.0,1307.0
102,-47.0,1270.0
103,-30.0,1238.0
104,-21.0,1220.0
105,-12.0,1206.0
106,-7.0,1201.0
107,-5.0,1197.0
108,-1.0,1190.0
109,6.0,1178.0
110,14.0,1165.0
111,21.0,1151.0
112,28.0,1138.0
113,29.0,1131.0
114,30.0,1125.0
115,30.0,1122.0
116,29.0,1122.0
117,28.0,1122.0
118,27.0,1122.0
119,23.0,1127.0
120,16.0,1142.0
121,3.0,1179.0
122,-8.0,1234.0
123,-17.0,1306.0
124,-27.0,1387.0
125,-30.0,1461.0
126,-35.0,1534.0
127,-35.0,1601.0
128,-35.0,1659.0
129,-36.0,1706.0
130,-41.0,1738.0
131,-54.0,1769.0
132,-69.0,1815.0
133,-81.0,1888.0
134,-98.0,1981.0
135,-117.0,2084.0
136,-137.0,2177.0
137,-158.0,2255.0
138,-181.0,2327.0
139,-208.0,2397.0
140,-237.0,2476.0
141,-263.0,2545.0
142,-283.0,2602.0
143,-290.0,2640.0
144,-294.0,2654.0
145,-298.0,2667.0
146,-311.0,2686.0
147,-324.0,2708.0
148,-338.0,2730.0
149,-353.0,2750.0
150,-360.0,2764.0
151,-365.0,2774.0
152,-367.0,2783.0
153,-369.0,2788.0
154,-371.0,2790.0
155,-374.0,2793.0
156,-377.0,2795.0
157,-379.0,2797.0
158,-381.0,2799.0
159,-382.0,2800.0
160,-383.0,2801.0
161,-385.0,2800.0
162,-386.0,2792.0
163,-387.0,2784.0
164,-387.0,2776.0
165,-385.0,2769.0
166,-383.0,2769.0
167,-381.0,2770.0
168,-381.0,2771.0
169,-382.0,2773.0
170,-383.0,2775.0
171,-385.0,2772.0
172,-388.0,2764.0
173,-390.0,2757.0
174,-383.0,2743.0
175,-376.0,2723.0
176,-371.0,2708.0
177,-366.0,2692.0
178,-364.0,2675.0
179,-364.0,2664.0
180,-363.0,2651.0
181,-358.0,2633.0
182,-353.0,2608.0
183,-344.0,2573.0
184,-325.0,2532.0
185,-305.0,2484.0
186,-284.0,2432.0
187,-261.0,2378.0
188,-243.0,2330.0
189,-220.0,2280.0
190,-200.0,2231.0
191,-176.0,2182.0
192,-142.0,2122.0
193,-110.0,2048.0
194,-79.0,1981.0
195,-54.0,1914.0
196,-37.0,1862.0
197,-26.0,1822.0
198,-14.0,1785.0
199,-2.0,1749.0
200,12.0,1706.0
201,26.0,1670.0
202,37.0,1632.0
203,51.0,1592.0
204,59.0,1566.0
205,67.0,1533.0
206,82.0,1500.0
207,95.0,1473.0
208,116.0,1437.0
209,137.0,1404.0
210,156.0,1373.0
211,174.0,1341.0
212,187.0,1312.0
213,197.0,1287.0
214,206.0,1268.0
215,213.0,1255.0
216,219.0,1248.0
217,227.0,1239.0
218,231.0,1234.0
219,233.0,1230.0
220,234.0,1228.0
221,234.0,1229.0
222,231.0,1235.0
223,222.0,1249.0
224,212.0,1278.0
225,198.0,1316.0
226,185.0,1361.0
227,169.0,1411.0
228,146.0,1461.0
229,121.0,1513.0
230,100.0,1556.0
231,78.0,1602.0
232,59.0,1648.0
233,46.0,1700.0
234,31.0,1767.0
235,26.0,1834.0
236,22.0,1908.0
237,9.0,1984.0
238,-9.0,2069.0
239,-29.0,2164.0
240,-58.0,2267.0
241,-85.0,2367.0
242,-106.0,2464.0
243,-133.0,2545.0
244,-152.0,2605.0
245,-178.0,2665.0
246,-206.0,2716.0
247,-234.0,2764.0
248,-273.0,2828.0
249,-314.0,2901.0
250,-355.0,2974.0
251,-396.0,3049.0
252,-427.0,3115.0
253,-448.0,3167.0
254,-475.0,3227.0
255,-498.0,3277.0
256,-518.0,3317.0
257,-542.0,3361.0
258,-562.0,3402.0
259,-589.0,3454.0
260,-614.0,3506.0
261,-636.0,3545.0
262,-654.0,3573.0
263,-664.0,3586.0
264,-674.0,3595.0
265,-682.0,3604.0
266,-687.0,3614.0
267,-695.0,3627.0
268,-705.0,3642.0
269,-712.0,3653.0
270,-719.0,3660.0
271,-723.0,3666.0
272,-726.0,3669.0
273,-729.0,3673.0
274,-731.0,3676.0
275,-732.0,3677.0
276,-732.0,3676.0
277,-731.0,3675.0
278,-731.0,3671.0
279,-730.0,3662.0
280,-721.0,3643.0
281,-704.0,3612.0
282,-682.0,3569.0
283,-658.0,3530.0
284,-637.0,3491.0
285,-617.0,3450.0
286,-592.0,3404.0
287,-570.0,3329.0
288,-551.0,3248.0
289,-538.0,3173.0
290,-527.0,3100.0
291,-512.0,3033.0
292,-498.0,2956.0
293,-487.0,2870.0
294,-480.0,2780.0
295,-477.0,2680.0
296,-476.0,2584.0
297,-468.0,2493.0
298,-459.0,2408.0
299,-456.0,2337.0
300,-449.0,2278.0
301,-442.0,2211.0
302,-437.0,2141.0
303,-421.0,2066.0
304,-393.0,1981.0
305,-358.0,1887.0
306,-312.0,1795.0
307,-264.0,1715.0
308,-227.0,1638.0
309,-199.0,1581.0
310,-175.0,1526.0
311,-151.0,1461.0
312,-120.0,1401.0
313,-89.0,1328.0
314,-64.0,1258.0
315,-42.0,1198.0
316,-28.0,1142.0
317,-20.0,1092.0
318,-13.0,1041.0
319,-8.0,989.0
320,-3.0,941.0
321,3.0,895.0
322,10.0,854.0
323,15.0,825.0
324,24.0,799.0
325,30.0,782.0
326,35.0,768.0
327,38.0,754.0
328,39.0,746.0
329,40.0,740.0
330,40.0,737.0
331,40.0,734.0
332,40.0,735.0
333,40.0,736.0
334,38.0,747.0
335,28.0,769.0
336,17.0,796.0
337,-3.0,842.0
338,-25.0,896.0
339,-47.0,963.0
340,-68.0,1041.0
341,-81.0,1112.0
342,-94.0,1179.0
343,-109.0,1254.0
344,-123.0,1326.0
345,-139.0,1400.0
346,-151.0,1467.0
347,-154.0,1523.0
348,-167.0,1594.0
349,-173.0,1683.0
350,-183.0,1789.0
351,-199.0,1896.0
352,-216.0,1997.0
353,-243.0,2079.0
354,-267.0,2146.0
355,-286.0,2211.0
356,-304.0,2273.0
357,-320.0,2349.0
358,-343.0,2425.0
359,-364.0,2489.0
360,-383.0,2559.0
361,-397.0,2614.0
362,-410.0,2659.0
363,-418.0,2701.0
364,-428.0,2741.0
365,-438.0,2800.0
366,-449.0,2866.0
367,-466.0,2934.0
368,-482.0,3014.0
369,-509.0,3087.0
370,-537.0,3160.0
371,-558.0,3229.0
372,-574.0,3267.0
373,-578.0,3283.0
374,-576.0,3288.0
375,-575.0,3288.0
376,-574.0,3288.0
377,-573.0,3288.0
378,-571.0,3289.0
379,-570.0,3289.0
380,-569.0,3289.0
381,-569.0,3293.0
382,-571.0,3298.0
383,-575.0,3304.0
384,-581.0,3314.0
385,-586.0,3324.0
386,-589.0,3332.0
387,-591.0,3339.0
388,-591.0,3343.0
389,-592.0,3343.0
390,-593.0,3343.0
391,-594.0,3343.0
392,-596.0,3343.0
393,-596.0,3342.0
394,-596.0,3337.0
395,-598.0,3332.0
396,-599.0,3327.0
397,-601.0,3323.0
398,-602.0,3324.0
399,-602.0,3325.0
400,-603.0,3326.0
401,-604.0,3327.0
402,-605.0,3328.0
403,-606.0,3328.0
404,-607.0,3328.0
405,-608.0,3326.0
406,-611.0,3317.0
407,-615.0,3309.0
408,-621.0,3292.0
409,-622.0,3266.0
410,-621.0,3247.0
411,-616.0,3223.0
412,-605.0,3192.0
413,-597.0,3156.0
414,-589.0,3119.0
415,-588.0,3056.0
416,-583.0,2994.0
417,-572.0,2939.0
418,-551.0,2867.0
419,-527.0,2818.0
420,-509.0,2775.0
421,-504.0,2733.0
422,-500.0,2695.0
423,-497.0,2650.0
424,-488.0,2600.0
425,-468.0,2544.0
426,-447.0,2481.0
427,-421.0,2429.0
428,-400.0,2385.0
429,-379.0,2348.0
430,-363.0,2319.0
431,-349.0,2291.0
432,-327.0,2256.0
433,-307.0,2219.0
434,-288.0,2186.0
435,-261.0,2141.0
436,-241.0,2104.0
437,-223.0,2072.0
438,-203.0,2041.0
439,-191.0,2018.0
440,-178.0,1988.0
441,-164.0,1952.0
442,-148.0,1914.0
443,-133.0,1876.0
444,-121.0,1845.0
445,-108.0,1815.0
446,-101.0,1792.0
447,-95.0,1777.0
448,-90.0,1763.0
449,-86.0,1757.0
450,-83.0,1752.0
451,-81.0,1748.0
452,-80.0,1746.0
453,-79.0,1745.0
454,-78.0,1745.0
455,-78.0,1747.0
456,-80.0,1759.0
457,-82.0,1775.0
458,-87.0,1801.0
459,-87.0,1829.0
460,-87.0,1864.0
461,-90.0,1912.0
462,-94.0,1967.0
463,-106.0,2035.0
464,-121.0,2112.0
465,-134.0,2190.0
466,-146.0,2280.0
467,-158.0,2382.0
468,-164.0,2469.0
469,-171.0,2565.0
470,-173.0,2658.0
471,-182.0,2760.0
472,-200.0,2868.0
473,-224.0,2980.0
474,-251.0,3087.0
475,-278.0,3191.0
476,-300.0,3311.0
477,-315.0,3424.0
478,-331.0,3524.0
479,-336.0,3620.0
480,-341.0,3693.0
481,-350.0,3771.0
482,-366.0,3865.0
483,-387.0,3952.0
484,-413.0,4049.0
485,-440.0,4129.0
486,-461.0,4180.0
487,-476.0,4217.0
488,-485.0,4238.0
489,-494.0,4245.0
490,-508.0,4252.0
491,-525.0,4257.0
492,-543.0,4261.0
493,-555.0,4266.0
494,-560.0,4277.0
495,-560.0,4289.0
496,-562.0,4309.0
497,-566.0,4337.0
498,-572.0,4363.0
499,-580.0,4389.0
500,-588.0,4407.0
501,-593.0,4415.0
502,-598.0,4419.0
503,-601.0,4419.0
504,-602.0,4420.0
505,-604.0,4421.0
506,-607.0,4422.0
507,-609.0,4424.0
508,-611.0,4436.0
509,-613.0,4449.0
510,-614.0,4466.0
511,-619.0,4485.0
512,-622.0,4492.0
513,-626.0,4500.0
514,-630.0,4512.0
515,-636.0,4530.0
516,-646.0,4552.0
517,-657.0,4581.0
518,-668.0,4601.0
519,-677.0,4619.0
520,-683.0,4632.0
521,-685.0,4642.0
522,-692.0,4661.0
523,-698.0,4681.0
524,-705.0,4702.0
525,-713.0,4719.0
526,-716.0,4727.0
527,-717.0,4728.0
528,-717.0,4727.0
529,-716.0,4724.0
530,-712.0,4716.0
531,-710.0,4706.0
532,-707.0,4696.0
533,-707.0,4688.0
534,-708.0,4684.0
535,-709.0,4684.0
536,-709.0,4683.0
537,-707.0,4682.0
538,-709.0,4672.0
539,-709.0,4659.0
540,-709.0,4646.0
541,-710.0,4627.0
542,-706.0,4614.0
543,-706.0,4603.0
544,-706.0,4590.0
545,-700.0,4572.0
546,-693.0,4549.0
547,-684.0,4527.0
548,-673.0,4506.0
549,-669.0,4493.0
550,-668.0,4490.0
551,-660.0,4476.0
552,-655.0,4462.0
553,-648.0,4448.0
554,-639.0,4434.0
555,-637.0,4432.0
556,-635.0,4430.0
557,-633.0,4430.0
558,-632.0,4430.0
559,-631.0,4428.0
560,-630.0,4426.0
561,-630.0,4425.0
562,-630.0,4424.0
563,-632.0,4419.0
564,-633.0,4414.0
565,-635.0,4409.0
566,-637.0,4405.0
567,-637.0,4404.0
568,-638.0,4404.0
569,-639.0,4404.0
570,-639.0,4405.0
571,-640.0,4407.0
572,-644.0,4405.0
573,-649.0,4402.0
574,-653.0,4395.0
575,-654.0,4373.0
576,-653.0,4324.0
577,-648.0,4265.0
578,-630.0,4179.0
579,-602.0,4083.0
580,-570.0,4001.0
581,-527.0,3903.0
582,-494.0,3812.0
583,-467.0,3732.0
584,-439.0,3654.0
585,-410.0,3587.0
586,-382.0,3531.0
587,-353.0,3476.0
588,-325.0,3420.0
589,-303.0,3366.0
590,-273.0,3305.0
591,-239.0,3238.0
592,-199.0,3169.0
593,-162.0,3107.0
594,-133.0,3048.0
595,-112.0,3005.0
596,-99.0,2966.0
597,-84.0,2925.0
598,-72.0,2894.0
599,-63.0,2861.0
600,-54.0,2831.0
601,-48.0,2803.0
602,-38.0,2770.0
603,-24.0,2735.0
604,-10.0,2702.0
605,-1.0,2670.0
606,8.0,2640.0
607,12.0,2614.0
608,16.0,2589.0
609,23.0,2564.0
610,29.0,2542.0
611,38.0,2517.0
612,46.0,2493.0
613,54.0,2469.0
614,61.0,2445.0
615,68.0,2423.0
616,75.0,2403.0
617,80.0,2393.0
618,87.0,2382.0
619,93.0,2373.0
620,101.0,2364.0
621,109.0,2354.0
622,114.0,2343.0
623,117.0,2332.0
624,118.0,2323.0
625,120.0,2315.0
626,121.0,2311.0
627,122.0,2309.0
628,121.0,2309.0
629,122.0,2309.0
630,123.0,2309.0
631,122.0,2309.0
632,118.0,2312.0
633,113.0,2318.0
634,108.0,2325.0
635,102.0,2332.0
636,97.0,2337.0
637,91.0,2349.0
638,86.0,2363.0
639,76.0,2391.0
640,64.0,2430.0
641,51.0,2462.0
642,38.0,2503.0
643,26.0,2535.0
644,15.0,2564.0
645,2.0,2600.0
646,-16.0,2640.0
647,-30.0,2693.0
648,-42.0,2768.0
649,-51.0,2853.0
650,-57.0,2940.0
651,-67.0,3037.0
652,-86.0,3140.0
653,-116.0,3243.0
654,-144.0,3345.0
655,-176.0,3427.0
656,-208.0,3495.0
657,-233.0,3559.0
658,-259.0,3622.0
659,-284.0,3703.0
660,-298.0,3774.0
661,-307.0,3852.0
662,-324.0,3936.0
663,-345.0,4019.0
664,-371.0,4118.0
665,-403.0,4225.0
666,-429.0,4339.0
667,-450.0,4431.0
668,-469.0,4511.0
669,-483.0,4563.0
670,-490.0,4588.0
671,-494.0,4607.0
672,-493.0,4613.0
673,-491.0,4615.0
674,-490.0,4617.0
675,-490.0,4621.0
676,-490.0,4622.0
677,-491.0,4625.0
678,-494.0,4628.0
679,-497.0,4629.0
680,-500.0,4631.0
681,-503.0,4632.0
682,-504.0,4633.0
683,-505.0,4635.0
684,-506.0,4637.0
685,-506.0,4639.0
686,-506.0,4643.0
687,-507.0,4646.0
688,-510.0,4652.0
689,-513.0,4656.0
690,-516.0,4659.0
691,-517.0,4660.0
692,-518.0,4660.0
693,-519.0,4661.0
694,-520.0,4662.0
695,-522.0,4664.0
696,-526.0,4676.0
697,-530.0,4689.0
698,-537.0,4704.0
699,-544.0,4716.0
700,-551.0,4722.0
701,-560.0,4729.0
702,-566.0,4733.0
703,-570.0,4738.0
704,-571.0,4742.0
705,-572.0,4744.0
706,-575.0,4749.0
707,-581.0,4756.0
708,-587.0,4763.0
709,-593.0,4772.0
710,-599.0,4784.0
711,-604.0,4794.0
712,-607.0,4802.0
713,-617.0,4818.0
714,-626.0,4829.0
715,-633.0,4840.0
716,-642.0,4851.0
717,-642.0,4850.0
718,-635.0,4836.0
719,-621.0,4817.0
720,-604.0,4793.0
721,-583.0,4765.0
722,-570.0,4749.0
723,-560.0,4732.0
724,-551.0,4708.0
725,-544.0,4677.0
726,-536.0,4645.0
727,-533.0,4621.0
728,-531.0,4608.0
729,-531.0,4600.0
730,-530.0,4590.0
731,-530.0,4556.0
732,-531.0,4523.0
733,-534.0,4495.0
734,-538.0,4473.0
735,-540.0,4472.0
736,-540.0,4471.0
737,-540.0,4470.0
738,-539.0,4469.0
739,-538.0,4468.0
740,-539.0,4467.0
741,-540.0,4467.0
742,-544.0,4464.0
743,-548.0,4460.0
744,-558.0,4436.0
745,-571.0,4380.0
746,-579.0,4322.0
747,-578.0,4244.0
748,-557.0,4162.0
749,-529.0,4095.0
750,-495.0,4017.0
751,-460.0,3931.0
752,-428.0,3856.0
753,-398.0,3788.0
754,-363.0,3717.0
755,-332.0,3661.0
756,-303.0,3606.0
757,-271.0,3545.0
758,-246.0,3482.0
759,-222.0,3414.0
760,-188.0,3331.0
761,-146.0,3241.0
762,-102.0,3160.0
763,-59.0,3083.0
764,-33.0,3013.0
765,-11.0,2954.0
766,9.0,2897.0
767,26.0,2840.0
768,53.0,2794.0
769,80.0,2743.0
770,107.0,2697.0
771,132.0,2658.0
772,150.0,2623.0
773,162.0,2593.0
774,175.0,2558.0
775,192.0,2519.0
776,210.0,2474.0
777,230.0,2430.0
778,249.0,2390.0
779,266.0,2354.0
780,281.0,2325.0
781,291.0,2305.0
782,298.0,2289.0
783,301.0,2278.0
784,305.0,2270.0
785,307.0,2263.0
786,309.0,2259.0
787,310.0,2256.0
788,311.0,2254.0
789,312.0,2254.0
790,311.0,2254.0
791,310.0,2255.0
792,307.0,2260.0
793,304.0,2266.0
794,299.0,2275.0
795,290.0,2290.0
796,280.0,2308.0
797,270.0,2328.0
798,261.0,2348.0
799,251.0,2371.0
800,240.0,2399.0
801,224.0,2432.0
802,209.0,2477.0
803,199.0,2530.0
804,191.0,2589.0
805,185.0,2656.0
806,174.0,2726.0
807,159.0,2799.0
808,148.0,2875.0
809,138.0,2972.0
810,135.0,3075.0
811,131.0,3191.0
812,125.0,3316.0
813,125.0,3443.0
814,125.0,3566.0
815,129.0,3689.0
816,129.0,3808.0
817,126.0,3906.0
818,120.0,3984.0
819,111.0,4059.0
820,106.0,4130.0
821,99.0,4216.0
822,88.0,4327.0
823,76.0,4441.0
824,61.0,4563.0
825,48.0,4671.0
826,39.0,4748.0
827,33.0,4794.0
828,30.0,4808.0
829,27.0,4809.0
830,27.0,4810.0
831,25.0,4811.0
832,21.0,4816.0
833,16.0,4822.0
834,12.0,4827.0
835,8.0,4832.0
836,7.0,4834.0
837,6.0,4836.0
838,6.0,4838.0
839,5.0,4840.0
840,4.0,4842.0
841,2.0,4848.0
842,-1.0,4853.0
843,-5.0,4861.0
844,-9.0,4868.0
845,-11.0,4872.0
846,-14.0,4876.0
847,-15.0,4877.0
848,-17.0,4884.0
849,-18.0,4893.0
850,-18.0,4903.0
851,-18.0,4912.0
852,-18.0,4921.0
853,-21.0,4930.0
854,-26.0,4942.0
855,-29.0,4954.0
856,-30.0,4960.0
857,-30.0,4966.0
858,-28.0,4970.0
859,-28.0,4974.0
860,-28.0,4976.0
861,-31.0,4980.0
862,-41.0,4990.0
863,-52.0,5002.0
864,-64.0,5015.0
865,-73.0,5026.0
866,-75.0,5030.0
867,-77.0,5032.0
868,-81.0,5037.0
869,-88.0,5043.0
870,-95.0,5049.0
871,-103.0,5055.0
872,-106.0,5059.0
873,-107.0,5060.0
874,-109.0,5061.0
875,-110.0,5062.0
876,-111.0,5062.0
877,-112.0,5062.0
878,-112.0,5061.0
879,-111.0,5061.0
880,-110.0,5060.0
881,-110.0,5059.0
882,-109.0,5058.0
883,-109.0,5057.0
884,-108.0,5056.0
885,-108.0,5054.0
886,-108.0,5050.0
887,-107.0,5040.0
888,-106.0,5030.0
889,-102.0,5017.0
890,-99.0,5006.0
891,-95.0,5001.0
892,-95.0,4991.0
893,-101.0,4979.0
894,-109.0,4966.0
895,-120.0,4952.0
896,-129.0,4940.0
897,-137.0,4934.0
898,-142.0,4932.0
899,-146.0,4930.0
900,-147.0,4930.0
901,-146.0,4930.0
902,-144.0,4930.0
903,-142.0,4930.0
904,-140.0,4930.0
905,-140.0,4929.0
906,-139.0,4929.0
907,-136.0,4929.0
908,-132.0,4929.0
909,-128.0,4929.0
910,-125.0,4929.0
911,-123.0,4929.0
912,-123.0,4930.0
913,-123.0,4931.0
914,-123.0,4932.0
915,-123.0,4933.0
916,-123.0,4926.0
917,-126.0,4909.0
918,-130.0,4883.0
919,-142.0,4832.0
920,-154.0,4758.0
921,-162.0,4668.0
922,-169.0,4560.0
923,-169.0,4463.0
924,-166.0,4368.0
925,-161.0,4280.0
926,-143.0,4197.0
927,-119.0,4107.0
928,-89.0,4041.0
929,-57.0,3980.0
930,-35.0,3922.0
931,-9.0,3856.0
932,26.0,3774.0
933,64.0,3696.0
934,103.0,3628.0
935,130.0,3580.0
936,145.0,3546.0
937,158.0,3508.0
938,167.0,3475.0
939,178.0,3446.0
940,185.0,3426.0
941,194.0,3410.0
942,207.0,3389.0
943,223.0,3359.0
944,245.0,3320.0
945,262.0,3284.0
946,278.0,3245.0
947,291.0,3214.0
948,298.0,3193.0
949,304.0,3177.0
950,308.0,3171.0
951,309.0,3167.0
952,310.0,3162.0
953,312.0,3157.0
954,313.0,3151.0
955,314.0,3147.0
956,315.0,3144.0
957,316.0,3143.0
958,316.0,3142.0
959,315.0,3142.0
960,315.0,3143.0
961,313.0,3158.0
962,304.0,3197.0
963,289.0,3266.0
964,277.0,3353.0
965,269.0,3442.0
966,269.0,3537.0
967,275.0,3634.0
968,277.0,3734.0
969,271.0,3844.0
970,263.0,3955.0
971,255.0,4067.0
972,251.0,4186.0
973,254.0,4313.0
974,259.0,4423.0
975,262.0,4533.0
976,263.0,4641.0
977,267.0,4750.0
978,268.0,4874.0
979,271.0,4998.0
980,274.0,5117.0
981,274.0,5237.0
982,274.0,5357.0
983,276.0,5477.0
984,280.0,5604.0
985,284.0,5727.0
986,286.0,5819.0
987,286.0,5880.0
988,274.0,5913.0
989,259.0,5921.0
990,230.0,5931.0
991,201.0,5960.0
992,183.0,5993.0
993,167.0,6023.0
994,164.0,6052.0
995,163.0,6061.0
996,162.0,6062.0
997,159.0,6065.0
998,157.0,6067.0
999,153.0,6069.0
1000,149.0,6072.0
1001,148.0,6090.0
1002,145.0,6123.0
1003,139.0,6171.0
1004,132.0,6231.0
1005,123.0,6297.0
1006,116.0,6360.0
1007,113.0,6426.0
1008,112.0,6486.0
1009,110.0,6529.0
1010,103.0,6575.0
1011,96.0,6612.0
1012,86.0,6646.0
1013,79.0,6677.0
1014,75.0,6693.0
1015,64.0,6714.0
1016,54.0,6736.0
1017,42.0,6759.0
1018,30.0,6779.0
1019,23.0,6790.0
1020,13.0,6807.0
1021,6.0,6821.0
1022,-2.0,6838.0
1023,-8.0,6854.0
1024,-12.0,6863.0
1025,-16.0,6871.0
1026,-19.0,6877.0
1027,-21.0,6881.0
1028,-22.0,6881.0
1029,-23.0,6882.0
1030,-23.0,6880.0
1031,-21.0,6875.0
1032,-18.0,6870.0
1033,-15.0,6865.0
1034,-10.0,6861.0
1035,-4.0,6857.0
1036,5.0,6852.0
1037,16.0,6842.0
1038,28.0,6824.0
1039,34.0,6802.0
1040,38.0,6783.0
1041,38.0,6768.0
1042,36.0,6762.0
1043,34.0,6760.0
1044,32.0,6758.0
1045,31.0,6757.0
1046,31.0,6755.0
1047,33.0,6755.0
1048,34.0,6755.0
1049,36.0,6756.0
1050,36.0,6758.0
1051,38.0,6758.0
1052,39.0,6758.0
1053,40.0,6758.0
1054,40.0,6757.0
1055,39.0,6757.0
1056,38.0,6757.0
1057,37.0,6758.0
1058,36.0,6758.0
1059,37.0,6758.0
1060,38.0,6757.0
1061,39.0,6757.0
1062,40.0,6757.0
1063,40.0,6758.0
1064,42.0,6757.0
1065,43.0,6748.0
1066,40.0,6735.0
1067,34.0,6699.0
1068,24.0,6630.0
1069,16.0,6549.0
1070,15.0,6450.0
1071,16.0,6348.0
1072,16.0,6251.0
1073,13.0,6147.0
1074,14.0,6038.0
1075,27.0,5934.0
1076,57.0,5834.0
1077,83.0,5756.0
1078,107.0,5682.0
1079,127.0,5611.0
1080,151.0,5536.0
1081,189.0,5460.0
1082,229.0,5390.0
1083,265.0,5330.0
1084,288.0,5290.0
1085,309.0,5249.0
1086,328.0,5205.0
1087,345.0,5169.0
1088,360.0,5132.0
1089,369.0,5103.0
1090,373.0,5089.0
1091,377.0,5069.0
1092,382.0,5044.0
1093,387.0,5019.0
1094,395.0,4989.0
1095,408.0,4959.0
1096,417.0,4937.0
1097,427.0,4915.0
1098,435.0,4896.0
1099,439.0,4884.0
1100,443.0,4876.0
1101,445.0,4870.0
1102,447.0,4864.0
1103,448.0,4860.0
1104,450.0,4856.0
1105,452.0,4853.0
1106,454.0,4850.0
1107,456.0,4847.0
1108,458.0,4844.0
1109,459.0,4843.0
1110,460.0,4842.0
1111,461.0,4841.0
1112,462.0,4841.0
1113,463.0,4841.0
1114,463.0,4843.0
1115,462.0,4851.0
1116,462.0,4866.0
1117,461.0,4897.0
1118,453.0,4940.0
1119,436.0,4991.0
1120,413.0,5051.0
1121,391.0,5100.0
1122,369.0,5150.0
1123,353.0,5204.0
1124,348.0,5269.0
1125,339.0,5343.0
1126,332.0,5416.0
1127,328.0,5493.0
1128,320.0,5559.0
1129,320.0,5640.0
1130,320.0,5736.0
1131,324.0,5840.0
1132,322.0,5958.0
1133,315.0,6074.0
1134,307.0,6178.0
1135,290.0,6264.0
1136,272.0,6337.0
1137,251.0,6410.0
1138,228.0,6494.0
1139,204.0,6595.0
1140,182.0,6682.0
1141,159.0,6766.0
1142,144.0,6842.0
1143,130.0,6901.0
1144,116.0,6977.0
1145,107.0,7063.0
1146,91.0,7160.0
1147,78.0,7274.0
1148,71.0,7398.0
1149,64.0,7510.0
1150,64.0,7591.0
1151,66.0,7651.0
1152,68.0,7680.0
1153,68.0,7689.0
1154,68.0,7698.0
1155,68.0,7699.0
1156,68.0,7700.0
1157,67.0,7702.0
1158,65.0,7703.0
1159,63.0,7706.0
1160,59.0,7709.0
1161,57.0,7710.0
1162,52.0,7715.0
1163,48.0,7719.0
1164,41.0,7725.0
1165,34.0,7733.0
1166,30.0,7737.0
1167,25.0,7740.0
1168,24.0,7740.0
1169,22.0,7741.0
1170,20.0,7744.0
1171,17.0,7757.0
1172,14.0,7772.0
1173,8.0,7791.0
1174,4.0,7807.0
1175,-2.0,7813.0
1176,-7.0,7822.0
1177,-13.0,7839.0
1178,-22.0,7862.0
1179,-33.0,7892.0
1180,-45.0,7918.0
1181,-55.0,7932.0
1182,-60.0,7939.0
1183,-66.0,7944.0
1184,-73.0,7952.0
1185,-82.0,7965.0
1186,-90.0,7979.0
1187,-95.0,7990.0
1188,-97.0,7997.0
1189,-97.0,8000.0
1190,-97.0,8005.0
1191,-97.0,8007.0
1192,-97.0,8010.0
1193,-97.0,8014.0
1194,-98.0,8015.0
1195,-98.0,8016.0
1196,-99.0,8016.0
1197,-100.0,8014.0
1198,-100.0,8012.0
1199,-100.0,8008.0
1200,-96.0,8002.0
1201,-92.0,7996.0
1202,-88.0,7990.0
1203,-84.0,7986.0
1204,-83.0,7985.0
1205,-81.0,7982.0
1206,-80.0,7979.0
1207,-78.0,7977.0
1208,-73.0,7971.0
1209,-70.0,7967.0
1210,-66.0,7964.0
1211,-60.0,7958.0
1212,-57.0,7951.0
1213,-54.0,7943.0
1214,-47.0,7925.0
1215,-37.0,7906.0
1216,-29.0,7890.0
1217,-23.0,7868.0
1218,-20.0,7850.0
1219,-22.0,7836.0
1220,-23.0,7823.0
1221,-20.0,7812.0
1222,-17.0,7810.0
1223,-13.0,7805.0
1224,-12.0,7801.0
1225,-12.0,7800.0
1226,-12.0,7797.0
1227,-13.0,7796.0
1228,-13.0,7795.0
1229,-12.0,7794.0
1230,-11.0,7794.0
1231,-12.0,7795.0
1232,-13.0,7797.0
1233,-15.0,7798.0
1234,-16.0,7797.0
1235,-17.0,7795.0
1236,-17.0,7793.0
1237,-18.0,7789.0
1238,-27.0,7765.0
1239,-36.0,7719.0
1240,-46.0,7646.0
1241,-52.0,7553.0
1242,-52.0,7454.0
1243,-48.0,7351.0
1244,-34.0,7248.0
1245,-15.0,7155.0
1246,19.0,7068.0
1247,47.0,6982.0
1248,73.0,6898.0
1249,102.0,6797.0
1250,127.0,6704.0
1251,167.0,6612.0
1252,204.0,6527.0
1253,244.0,6451.0
1254,277.0,6378.0
1255,302.0,6324.0
1256,329.0,6267.0
1257,343.0,6216.0
1258,352.0,6176.0
1259,359.0,6133.0
1260,365.0,6089.0
1261,377.0,6059.0
1262,389.0,6028.0
1263,399.0,6005.0
1264,402.0,5995.0
1265,405.0,5987.0
1266,407.0,5981.0
1267,409.0,5977.0
1268,410.0,5976.0
1269,411.0,5975.0
1270,412.0,5974.0
1271,412.0,5973.0
1272,413.0,5972.0
1273,413.0,5973.0
1274,410.0,5987.0
1275,404.0,6013.0
1276,398.0,6050.0
1277,391.0,6116.0
1278,388.0,6195.0
1279,386.0,6280.0
1280,385.0,6381.0
1281,383.0,6475.0
1282,378.0,6574.0
1283,374.0,6686.0
1284,367.0,6799.0
1285,361.0,6924.0
1286,357.0,7050.0
1287,354.0,7177.0
1288,353.0,7291.0
1289,350.0,7404.0
1290,349.0,7518.0
1291,351.0,7631.0
1292,355.0,7758.0
1293,362.0,7884.0
1294,369.0,8010.0
1295,370.0,8135.0
1296,373.0,8260.0
1297,375.0,8362.0
1298,376.0,8435.0
1299,372.0,8481.0
1300,365.0,8495.0
1301,359.0,8504.0
1302,355.0,8519.0
1303,352.0,8543.0
1304,348.0,8567.0
1305,343.0,8607.0
1306,337.0,8639.0
1307,335.0,8665.0
1308,332.0,8693.0
1309,332.0,8703.0
1310,331.0,8720.0
1311,326.0,8739.0
1312,319.0,8758.0
1313,311.0,8785.0
1314,303.0,8813.0
1315,297.0,8841.0
1316,290.0,8890.0
1317,285.0,8962.0
1318,280.0,9052.0
1319,272.0,9152.0
1320,264.0,9240.0
1321,256.0,9319.0
1322,248.0,9377.0
1323,240.0,9428.0
1324,235.0,9469.0
1325,228.0,9491.0
1326,222.0,9507.0
1327,217.0,9522.0
1328,212.0,9536.0
1329,209.0,9549.0
1330,205.0,9564.0
1331,202.0,9570.0
1332,196.0,9578.0
1333,191.0,9584.0
1334,186.0,9588.0
1335,183.0,9592.0
1336,182.0,9593.0
1337,181.0,9592.0
1338,179.0,9589.0
1339,178.0,9583.0
1340,178.0,9573.0
1341,180.0,9565.0
1342,183.0,9554.0
1343,188.0,9542.0
1344,192.0,9532.0
1345,198.0,9510.0
1346,205.0,9488.0
1347,210.0,9445.0
1348,215.0,9379.0
1349,219.0,9307.0
1350,223.0,9228.0
1351,228.0,9158.0
1352,233.0,9109.0
1353,235.0,9080.0
1354,236.0,9063.0
1355,237.0,9059.0
1356,239.0,9057.0
1357,242.0,9053.0
1358,252.0,9053.0
1359,260.0,9055.0
1360,266.0,9057.0
1361,271.0,9062.0
1362,269.0,9063.0
1363,267.0,9064.0
1364,266.0,9065.0
1365,263.0,9064.0
1366,263.0,9036.0
1367,263.0,8976.0
1368,263.0,8884.0
1369,266.0,8765.0
1370,269.0,8639.0
1371,272.0,8513.0
1372,273.0,8387.0
1373,277.0,8264.0
1374,287.0,8140.0
1375,296.0,8024.0
1376,313.0,7929.0
1377,334.0,7832.0
1378,349.0,7735.0
1379,383.0,7632.0
1380,421.0,7524.0
1381,448.0,7431.0
1382,479.0,7346.0
1383,492.0,7267.0
1384,498.0,7180.0
1385,504.0,7080.0
1386,513.0,6978.0
1387,522.0,6894.0
1388,537.0,6817.0
1389,556.0,6757.0
1390,569.0,6716.0
1391,581.0,6683.0
1392,587.0,6664.0
1393,588.0,6655.0
1394,591.0,6647.0
1395,597.0,6633.0
1396,603.0,6618.0
1397,612.0,6601.0
1398,621.0,6588.0
1399,626.0,6579.0
1400,631.0,6575.0
1401,634.0,6571.0
1402,636.0,6569.0
1403,636.0,6568.0
1404,638.0,6567.0
1405,639.0,6566.0
1406,640.0,6565.0
1407,641.0,6564.0
1408,642.0,6563.0
1409,642.0,6564.0
1410,641.0,6568.0
1411,639.0,6574.0
1412,636.0,6580.0
1413,631.0,6592.0
1414,626.0,6600.0
1415,620.0,6606.0
1416,619.0,6625.0
1417,616.0,6666.0
1418,613.0,6738.0
1419,609.0,6835.0
1420,600.0,6945.0
1421,595.0,7058.0
1422,589.0,7172.0
1423,591.0,7292.0
1424,596.0,7416.0
1425,603.0,7543.0
1426,614.0,7669.0
1427,620.0,7796.0
1428,629.0,7923.0
1429,638.0,8050.0
1430,644.0,8177.0
1431,650.0,8304.0
1432,650.0,8412.0
1433,653.0,8519.0
1434,654.0,8627.0
1435,655.0,8734.0
1436,657.0,8855.0
1437,654.0,8947.0
1438,650.0,9008.0
1439,645.0,9036.0
1440,642.0,9039.0
1441,640.0,9039.0
1442,637.0,9047.0
1443,634.0,9066.0
1444,619.0,9091.0
1445,605.0,9133.0
1446,593.0,9178.0
1447,581.0,9229.0
1448,580.0,9295.0
1449,579.0,9362.0
1450,576.0,9421.0
1451,574.0,9478.0
1452,571.0,9523.0
1453,557.0,9557.0
1454,538.0,9593.0
1455,516.0,9643.0
1456,491.0,9695.0
1457,476.0,9748.0
1458,466.0,9813.0
1459,457.0,9849.0
1460,449.0,9886.0
1461,443.0,9910.0
1462,433.0,9928.0
1463,421.0,9950.0
1464,413.0,9962.0
1465,402.0,9976.0
1466,396.0,9984.0
1467,390.0,9992.0
1468,381.0,10007.0
1469,373.0,10022.0
1470,366.0,10037.0
1471,361.0,10051.0
1472,359.0,10056.0
1473,357.0,10062.0
1474,356.0,10066.0
1475,355.0,10067.0
1476,355.0,10066.0
1477,355.0,10063.0
1478,357.0,10059.0
1479,359.0,10053.0
1480,362.0,10046.0
1481,366.0,10038.0
1482,369.0,10029.0
1483,372.0,10021.0
1484,378.0,10011.0
1485,382.0,10002.0
1486,386.0,9993.0
1487,387.0,9981.0
1488,387.0,9970.0
1489,386.0,9960.0
1490,386.0,9952.0
1491,388.0,9949.0
1492,390.0,9947.0
1493,391.0,9947.0
1494,392.0,9948.0
1495,390.0,9939.0
1496,388.0,9929.0
1497,386.0,9919.0
1498,385.0,9906.0
1499,385.0,9900.0
1500,390.0,9890.0
1501,393.0,9881.0
1502,394.0,9875.0
1503,395.0,9871.0
1504,394.0,9871.0
1505,393.0,9871.0
1506,392.0,9871.0
1507,393.0,9870.0
1508,395.0,9869.0
1509,398.0,9868.0
1510,398.0,9867.0
1511,398.0,9865.0
1512,395.0,9863.0
1513,392.0,9861.0
1514,390.0,9860.0
1515,389.0,9859.0
1516,389.0,9858.0
1517,389.0,9855.0
1518,392.0,9849.0
1519,393.0,9846.0
1520,389.0,9833.0
1521,385.0,9824.0
1522,377.0,9817.0
1523,370.0,9808.0
1524,369.0,9807.0
1525,368.0,9797.0
1526,373.0,9785.0
1527,383.0,9766.0
1528,390.0,9748.0
1529,402.0,9730.0
1530,414.0,9711.0
1531,425.0,9694.0
1532,437.0,9677.0
1533,447.0,9656.0
1534,453.0,9625.0
1535,461.0,9586.0
1536,472.0,9542.0
1537,488.0,9499.0
1538,504.0,9464.0
1539,520.0,9437.0
1540,535.0,9409.0
1541,548.0,9389.0
1542,562.0,9364.0
1543,573.0,9344.0
1544,588.0,9315.0
1545,607.0,9281.0
1546,621.0,9249.0
1547,635.0,9217.0
1548,642.0,9196.0
1549,644.0,9183.0
1550,646.0,9177.0
1551,649.0,9171.0
1552,651.0,9169.0
1553,653.0,9167.0
1554,653.0,9168.0
1555,653.0,9169.0
1556,650.0,9171.0
1557,647.0,9174.0
1558,638.0,9185.0
1559,625.0,9205.0
1560,614.0,9228.0
1561,600.0,9264.0
1562,586.0,9305.0
1563,573.0,9343.0
1564,557.0,9392.0
1565,540.0,9440.0
1566,528.0,9481.0
1567,518.0,9534.0
1568,512.0,9603.0
1569,510.0,9668.0
1570,503.0,9741.0
1571,497.0,9823.0
1572,492.0,9905.0
1573,481.0,10010.0
1574,471.0,10132.0
1575,457.0,10248.0
1576,439.0,10334.0
1577,420.0,10419.0
1578,395.0,10500.0
1579,369.0,10579.0
1580,344.0,10657.0
1581,324.0,10714.0
1582,313.0,10775.0
1583,307.0,10850.0
1584,299.0,10955.0
1585,295.0,11082.0
1586,291.0,11185.0
1587,288.0,11256.0
1588,287.0,11295.0
1589,286.0,11303.0
1590,283.0,11304.0
1591,281.0,11306.0
1592,279.0,11308.0
1593,276.0,11310.0
1594,272.0,11312.0
1595,266.0,11317.0
1596,258.0,11323.0
1597,250.0,11330.0
1598,246.0,11336.0
1599,242.0,11340.0
1600,240.0,11341.0
1601,237.0,11343.0
1602,234.0,11344.0
1603,230.0,11346.0
1604,228.0,11346.0
1605,226.0,11359.0
1606,224.0,11371.0
1607,224.0,11384.0
1608,221.0,11399.0
1609,218.0,11403.0
1610,211.0,11414.0
1611,203.0,11429.0
1612,198.0,11442.0
1613,195.0,11456.0
1614,194.0,11462.0
1615,192.0,11465.0
1616,189.0,11469.0
1617,181.0,11482.0
1618,173.0,11493.0
1619,166.0,11506.0
1620,159.0,11517.0
1621,156.0,11520.0
1622,153.0,11525.0
1623,152.0,11529.0
1624,152.0,11535.0
1625,151.0,11544.0
1626,148.0,11552.0
1627,142.0,11561.0
1628,137.0,11570.0
1629,135.0,11577.0
1630,135.0,11584.0
1631,136.0,11585.0
1632,138.0,11583.0
1633,139.0,11578.0
1634,139.0,11575.0
1635,140.0,11573.0
1636,139.0,11574.0
1637,140.0,11573.0
1638,140.0,11570.0
1639,141.0,11563.0
1640,146.0,11550.0
1641,154.0,11532.0
1642,163.0,11513.0
1643,171.0,11496.0
1644,174.0,11485.0
1645,175.0,11477.0
1646,175.0,11467.0
1647,178.0,11453.0
1648,185.0,11436.0
1649,193.0,11416.0
1650,202.0,11401.0
1651,206.0,11388.0
1652,209.0,11377.0
1653,211.0,11369.0
1654,211.0,11362.0
1655,213.0,11359.0
1656,215.0,11357.0
1657,216.0,11357.0
1658,217.0,11357.0
1659,217.0,11356.0
1660,217.0,11355.0
1661,217.0,11354.0
1662,217.0,11353.0
1663,218.0,11352.0
1664,219.0,11351.0
1665,221.0,11350.0
1666,224.0,11349.0
1667,225.0,11349.0
1668,225.0,11348.0
1669,224.0,11344.0
1670,221.0,11340.0
1671,209.0,11318.0
1672,198.0,11273.0
1673,187.0,11213.0
1674,177.0,11128.0
1675,176.0,11037.0
1676,176.0,10943.0
1677,174.0,10838.0
1678,171.0,10730.0
1679,171.0,10626.0
1680,170.0,10531.0
1681,171.0,10442.0
1682,175.0,10354.0
1683,177.0,10272.0
1684,183.0,10177.0
1685,183.0,10079.0
1686,187.0,9978.0
1687,196.0,9875.0
1688,206.0,9778.0
1689,226.0,9695.0
1690,244.0,9623.0
1691,258.0,9566.0
1692,276.0,9517.0
1693,297.0,9459.0
1694,319.0,9405.0
1695,340.0,9353.0
1696,349.0,9310.0
1697,351.0,9282.0
1698,351.0,9263.0
1699,353.0,9246.0
1700,358.0,9236.0
1701,364.0,9230.0
1702,369.0,9227.0
1703,372.0,9224.0
1704,373.0,9222.0
1705,374.0,9222.0
1706,375.0,9221.0
1707,375.0,9222.0
1708,375.0,9223.0
1709,375.0,9230.0
1710,374.0,9241.0
1711,370.0,9260.0
1712,360.0,9293.0
1713,344.0,9333.0
1714,328.0,9375.0
1715,314.0,9411.0
1716,304.0,9448.0
1717,295.0,9487.0
1718,287.0,9536.0
1719,285.0,9592.0
1720,281.0,9639.0
1721,274.0,9690.0
1722,260.0,9744.0
1723,236.0,9813.0
1724,216.0,9896.0
1725,201.0,9979.0
1726,189.0,10065.0
1727,172.0,10149.0
1728,146.0,10243.0
1729,119.0,10345.0
1730,100.0,10446.0
1731,87.0,10547.0
1732,82.0,10637.0
1733,80.0,10724.0
1734,73.0,10801.0
1735,70.0,10883.0
1736,58.0,10960.0
1737,40.0,11033.0
1738,23.0,11101.0
1739,4.0,11155.0
1740,-7.0,11199.0
1741,-11.0,11230.0
1742,-12.0,11267.0
1743,-14.0,11313.0
1744,-21.0,11389.0
1745,-31.0,11480.0
1746,-45.0,11571.0
1747,-59.0,11659.0
1748,-67.0,11741.0
1749,-74.0,11820.0
1750,-79.0,11886.0
1751,-82.0,11929.0
1752,-87.0,11947.0
1753,-90.0,11949.0
1754,-95.0,11953.0
1755,-99.0,11956.0
1756,-101.0,11960.0
1757,-105.0,11963.0
1758,-108.0,11964.0
1759,-112.0,11964.0
1760,-114.0,11965.0
1761,-116.0,11968.0
1762,-117.0,11969.0
1763,-119.0,11973.0
1764,-123.0,11978.0
1765,-129.0,11983.0
1766,-137.0,11990.0
1767,-143.0,11995.0
1768,-148.0,11999.0
1769,-150.0,12001.0
1770,-151.0,12001.0
1771,-152.0,12002.0
1772,-152.0,12003.0
1773,-153.0,12003.0
1774,-154.0,12004.0
1775,-156.0,12008.0
1776,-158.0,12012.0
1777,-159.0,12016.0
1778,-159.0,12019.0
1779,-159.0,12020.0
1780,-159.0,12021.0
1781,-158.0,12021.0
1782,-158.0,12026.0
1783,-159.0,12033.0
1784,-161.0,12041.0
1785,-164.0,12048.0
1786,-167.0,12049.0
1787,-169.0,12049.0
1788,-170.0,12050.0
1789,-173.0,12054.0
1790,-177.0,12060.0
1791,-182.0,12065.0
1792,-186.0,12070.0
1793,-188.0,12074.0
1794,-189.0,12076.0
1795,-190.0,12078.0
1796,-191.0,12079.0
1797,-190.0,12077.0
1798,-186.0,12073.0
1799,-183.0,12069.0
1800,-181.0,12066.0
1801,-180.0,12063.0
1802,-181.0,12063.0
1803,-183.0,12063.0
1804,-183.0,12062.0
1805,-183.0,12058.0
1806,-183.0,12054.0
1807,-184.0,12051.0
1808,-184.0,12049.0
1809,-185.0,12049.0
1810,-186.0,12048.0
1811,-184.0,12045.0
1812,-183.0,12043.0
1813,-182.0,12041.0
1814,-181.0,12039.0
1815,-181.0,12038.0
1816,-178.0,12037.0
1817,-176.0,12037.0
1818,-174.0,12037.0
1819,-173.0,12037.0
1820,-174.0,12037.0
1821,-175.0,12038.0
1822,-175.0,12039.0
1823,-173.0,12040.0
1824,-171.0,12043.0
1825,-168.0,12046.0
1826,-165.0,12049.0
1827,-163.0,12048.0
1828,-162.0,12046.0
1829,-161.0,12044.0
1830,-160.0,12043.0
1831,-159.0,12041.0
1832,-157.0,12037.0
1833,-158.0,12033.0
1834,-160.0,12029.0
1835,-155.0,12010.0
1836,-139.0,11978.0
1837,-126.0,11936.0
1838,-112.0,11889.0
1839,-100.0,11851.0
1840,-92.0,11819.0
1841,-73.0,11793.0
1842,-52.0,11761.0
1843,-21.0,11714.0
1844,10.0,11665.0
1845,49.0,11611.0
1846,90.0,11557.0
1847,116.0,11518.0
1848,142.0,11478.0
1849,161.0,11441.0
1850,179.0,11398.0
1851,199.0,11352.0
1852,220.0,11304.0
1853,238.0,11261.0
1854,254.0,11218.0
1855,273.0,11169.0
1856,288.0,11127.0
1857,308.0,11083.0
1858,331.0,11047.0
1859,354.0,11022.0
1860,374.0,10998.0
1861,395.0,10973.0
1862,419.0,10945.0
1863,442.0,10916.0
1864,463.0,10892.0
1865,481.0,10868.0
1866,494.0,10850.0
1867,502.0,10838.0
1868,513.0,10822.0
1869,523.0,10801.0
1870,534.0,10777.0
1871,547.0,10749.0
1872,557.0,10724.0
1873,564.0,10710.0
1874,570.0,10695.0
1875,577.0,10682.0
1876,585.0,10667.0
1877,593.0,10654.0
1878,601.0,10644.0
1879,606.0,10637.0
1880,610.0,10632.0
1881,614.0,10628.0
1882,615.0,10626.0
1883,614.0,10627.0
1884,611.0,10632.0
1885,607.0,10637.0
1886,605.0,10642.0
1887,599.0,10650.0
1888,596.0,10655.0
1889,594.0,10660.0
1890,591.0,10665.0
1891,592.0,10665.0
1892,592.0,10668.0
1893,585.0,10678.0
1894,576.0,10691.0
1895,565.0,10705.0
1896,548.0,10724.0
1897,535.0,10739.0
1898,522.0,10753.0
1899,508.0,10768.0
1900,501.0,10775.0
1901,497.0,10779.0
1902,494.0,10783.0
1903,492.0,10784.0
1904,487.0,10786.0
1905,480.0,10790.0
1906,473.0,10794.0
1907,467.0,10799.0
1908,467.0,10812.0
1909,472.0,10826.0
1910,478.0,10839.0
1911,484.0,10852.0
1912,486.0,10856.0
1913,486.0,10857.0
1914,485.0,10858.0
1915,486.0,10858.0
1916,487.0,10858.0
1917,488.0,10856.0
1918,488.0,10855.0
1919,488.0,10854.0
1920,490.0,10854.0
1921,492.0,10854.0
1922,493.0,10853.0
1923,495.0,10853.0
1924,495.0,10852.0
1925,495.0,10850.0
1926,495.0,10846.0
1927,498.0,10839.0
1928,501.0,10831.0
1929,504.0,10824.0
1930,506.0,10812.0
1931,505.0,10803.0
1932,502.0,10795.0
1933,500.0,10786.0
1934,498.0,10783.0
1935,498.0,10780.0
1936,501.0,10771.0
1937,505.0,10763.0
1938,508.0,10757.0
1939,510.0,10750.0
1940,510.0,10749.0
1941,511.0,10748.0
1942,510.0,10748.0
1943,509.0,10748.0
1944,508.0,10748.0
1945,508.0,10746.0
1946,508.0,10744.0
1947,508.0,10743.0
1948,507.0,10743.0
1949,507.0,10731.0
1950,510.0,10693.0
1951,514.0,10653.0
1952,519.0,10613.0
1953,528.0,10574.0
1954,538.0,10557.0
1955,553.0,10530.0
1956,570.0,10484.0
1957,590.0,10433.0
1958,613.0,10366.0
1959,637.0,10300.0
1960,663.0,10252.0
1961,685.0,10215.0
1962,708.0,10184.0
1963,730.0,10155.0
1964,751.0,10121.0
1965,773.0,10085.0
1966,800.0,10047.0
1967,840.0,9996.0
1968,888.0,9936.0
1969,936.0,9862.0
1970,976.0,9789.0
1971,999.0,9723.0
1972,1015.0,9667.0
1973,1036.0,9619.0
1974,1054.0,9563.0
1975,1079.0,9509.0
1976,1103.0,9455.0
1977,1121.0,9397.0
1978,1143.0,9345.0
1979,1159.0,9305.0
1980,1176.0,9267.0
1981,1194.0,9238.0
1982,1209.0,9214.0
1983,1226.0,9186.0
1984,1236.0,9167.0
1985,1245.0,9150.0
1986,1254.0,9139.0
1987,1262.0,9132.0
1988,1267.0,9126.0
1989,1271.0,9121.0
1990,1273.0,9117.0
1991,1276.0,9112.0
1992,1279.0,9107.0
1993,1282.0,9104.0
1994,1284.0,9101.0
1995,1286.0,9099.0
1996,1288.0,9098.0
1997,1289.0,9098.0
1998,1290.0,9097.0
1999,1291.0,9098.0
2000,1291.0,9106.0
